,Treatment_i,Treatment_j,SurfaceParameter,isSignificant_on_ConfoMap,isSignificant_on_Toothfrax,hdi_ConfoMap_2.5%,hdi_ConfoMap_97.5%,hdi_Toothfrax_2.5%,hdi_Toothfrax_97.5%
10,Grass,Clover,epLsar,False,True,-9.073540749962431e-05,0.0030465648875014676,0.0004861055000938302,0.0037508334496152134
11,Grass,Clover+dust,epLsar,False,True,-0.00028097912020153817,0.002971460910568372,0.00010519613807126568,0.003409528144030312
15,Dry grass,Dry bamboo,R²,True,False,0.0015408222954508477,0.0028303533364951224,-0.0003386831922208445,0.00045480060390356083
16,Dry lucerne,Dry bamboo,R²,True,False,0.0005507287774115729,0.0018553193757026671,-0.00037273118165726937,0.0001782270241467126
17,Dry lucerne,Dry grass,R²,True,False,-0.0015376492195158468,-0.00043867133778927687,-0.000609185563482606,0.00020196460313806446
21,RubDirt,BrushDirt,R²,True,False,-0.0015553212180389997,-7.138459151821448e-05,-0.001122997372284381,2.6598780675647464e-05
26,Grass,Clover+dust,R²,False,True,-0.0007048420497395656,0.0005347257794893548,-0.0008311660497753322,-0.0001358473379483083
38,RubDirt,Control,Asfc,True,False,-44.05085899348207,-2.4282727636980272,-37.08117538245865,0.9730471225928028
58,Grass+dust,Clover+dust,HAsfc9,True,False,-0.31112890497622314,-0.03224012611524074,-0.2534051837367989,0.00010232494983808404
