,Treatment_i,Treatment_j,isSignificant_NewEplsar,isSignificant_on_Toothfrax,isSignificant_on_ConfoMap,hdi_NewEplsar_2.5%,hdi_NewEplsar_97.5%,hdi_ConfoMap_2.5%,hdi_ConfoMap_97.5%,hdi_Toothfrax_2.5%,hdi_Toothfrax_97.5%
2,Dry Lucerne,Dry Grass,True,False,True,0.00023884834108991223,0.0008923852954669568,0.00010572514255148016,0.000752141826962054,-8.167891415759023e-05,0.0005549737102087416
10,Grass,Clover,False,True,False,-0.0006947887042105741,0.0005188597154084305,-9.528651810840821e-05,0.0014424399605736321,0.00013630842887148961,0.0018518122276989142
12,Grass+Dust,Clover,False,True,True,-0.00102508293783172,7.77517325790936e-05,0.0002590888535209318,0.001605264998788375,0.0004206770057963113,0.001720219480831502
13,Grass+Dust,Clover+Dust,False,True,True,-0.0006434329253389648,0.0004378488016799114,0.00025695761474270155,0.0016685208930003544,0.00023123557579620156,0.00151556316701618
